Workbook

Sheet Instructions
B1: MMTPL — AI Model Data Collection Kit
B2: Phase 3 — Project Intelligence Module · Fill all yellow columns for each past project
B4: How to use this file
B6: Step 1 | C6: Go to the 'Project Data' sheet — this is where you enter all past project information.
B7: Step 2 | C7: Each ROW = one completed project. Fill as many past projects as you can. Minimum 15 projects for good AI accuracy.
B8: Step 3 | C8: Yellow columns are REQUIRED. Green columns are important. White columns are optional but help improve accuracy.
B9: Step 4 | C9: Go to 'Workforce Data' sheet — fill the workforce breakdown for each project (how many riggers, welders etc.)
B10: Step 5 | C10: Go to 'Equipment Data' sheet — fill which equipment was used on each project.
B11: Step 6 | C11: The 'Summary' sheet will auto-calculate once you fill data — do not edit it manually.
B12: Step 7 | C12: Send this file to your developer. They will feed it into the AI model on the portal.
B15: Colour legend
B16: Yellow | C16: REQUIRED — must fill for AI to work
B17: Green | C17: IMPORTANT — improves accuracy significantly
B18: White | C18: OPTIONAL — fill if available
B19: Blue | C19: AUTO-CALCULATED — formula fills this automatically
B22: Accuracy target: 95%+ · Minimum 15 projects needed · 30+ projects = highest accuracy

Sheet Project Data
A1: Project Identification | E1: Project Type | H1: Location | K1: Timeline | P1: Contract Value | U1: Scope & Quantity | X1: Workforce | AD1: Equipment | AI1: Outcome & Risk
A2: Project # | B2: Project Name | C2: Client Name | D2: Client Industry | E2: Category | F2: Sub-type | G2: Contract Type | H2: Location — City | I2: Location — State | J2: Country | K2: Start Date | L2: End Date | M2: Planned Duration (days) | N2: Actual Duration (days) | O2: Delay (days) | P2: Contract Value (₹ Cr) | Q2: Contract Value (USD M) | R2: Currency | S2: Approx Cost (₹ Cr) | T2: Profit Margin % | U2: Scope Quantity | V2: Scope Unit | W2: Scope Description | X2: Peak Total Workforce | Y2: Engineers (nos.) | Z2: Supervisors (nos.) | AA2: Skilled Workers (nos.) | AB2: Helpers (nos.) | AC2: Subcontractors (nos.) | AD2: Major Crane Used | AE2: No. of Cranes | AF2: No. of Hydras | AG2: No. of Welding Machines | AH2: Scaffolding (pipes nos.) | AI2: Was it On Time? | AJ2: Safety Incidents | AK2: Client Satisfaction | AL2: Repeat Order from Client | AM2: Notes / Remarks
A3: Auto number — e.g. 1, 2, 3 | B3: Full project name — e.g. BOF Works JSOL Angul | C3: Client company — e.g. JSW Steel, JSPL, LMEL | D3: STEEL / CEMENT / POWER / MINING / CHEMICAL / INFRASTRUCTURE | E3: REFRACTORY / STRUCTURAL / MECHANICAL / ELECTRICAL / CIVIL / EPC_TURNKEY / O&M | F3: More detail — e.g. Coke Oven, Blast Furnace, Pellet Plant, SMS, BOF, Billet Caster | G3: EPC / ITEM_RATE / LUMP_SUM / O&M | H3: City or town — e.g. Angul, Bellary, Jajpur, Ghugus | I3: State — e.g. Odisha, Karnataka, Maharashtra | J3: India / Oman / UAE / Saudi Arabia | K3: dd-mm-yyyy — actual start date on site | L3: dd-mm-yyyy — actual completion date | M3: Original planned duration in days from contract | N3: AUTO: End Date minus Start Date | O3: AUTO: Actual minus Planned (0 if on time) | P3: Final contract amount in Indian Crores — e.g. 91.56 | Q3: For overseas projects in USD Millions — e.g. 3.17 | R3: INR / USD / OMR / AED | S3: Your actual cost to execute — if known | T3: Formula: (Contract Value − Approx Cost) / Contract Value × 100 | U3: The main measurable number — e.g. 34000 for '34,000 MT steel' | V3: MT / SQM / RMT / TPD / KM / NUMBERS / INCH-M | W3: Full scope in plain text — e.g. Structural fabrication and erection of BOF building | X3: Maximum number of people working at one time on this project | Y3: Number of engineers at peak | Z3: Number of supervisors / foremen at peak | AA3: Riggers + Fitters + Welders + Gas Cutters | AB3: Helpers + Khalasis at peak | AC3: External subcontractor workforce if any | AD3: Largest crane capacity — e.g. 300T, 150T, 80T, 50T | AE3: Total cranes on site | AF3: F-15 Hydras used | AG3: Rectifiers + SAW + MIG combined | AH3: Scaffolding pipe quantity used | AI3: YES / NO | AJ3: Number of recordable incidents (0 for NIL) | AK3: EXCELLENT / GOOD / AVERAGE / POOR | AL3: YES / NO — did client give another contract? | AM3: Any important notes about this project
A4: 1 | B4: Refractory Erection | C4: JSW Steel | D4: STEEL | E4: REFRACTORY | F4: Coke Oven | G4: ITEM_RATE | H4: Bellary | I4: Karnataka | J4: India | N4: =IF(AND(L4<>"",K4<>""),L4-K4,"") | O4: =IF(AND(N4<>"",M4<>""),N4-M4,"") | P4: 8.59 | R4: INR | V4: MT | W4: Refractory erection for coke oven plant | X4: 120 | AI4: YES
A5: 2 | B5: Equipment Erection | C5: JSW Steel | D5: STEEL | E5: MECHANICAL | F5: Coke Oven | G5: EPC | H5: Bellary | I5: Karnataka | J5: India | N5: =IF(AND(L5<>"",K5<>""),L5-K5,"") | O5: =IF(AND(N5<>"",M5<>""),N5-M5,"") | P5: 12.45 | R5: INR | V5: MT | W5: Erection of equipment for coke oven plant | X5: 150 | AI5: YES
A6: 3 | B6: LCP Work | C6: JSL Ltd | D6: STEEL | E6: MECHANICAL | F6: LCP | G6: EPC | H6: Jajpur | I6: Odisha | J6: India | N6: =IF(AND(L6<>"",K6<>""),L6-K6,"") | O6: =IF(AND(N6<>"",M6<>""),N6-M6,"") | P6: 14.96 | R6: INR | V6: MT | W6: LCP mechanical works at JSL Jajpur | X6: 200 | AI6: YES
A7: 4 | B7: SMS-3 Works | C7: JSL Ltd | D7: STEEL | E7: EPC_TURNKEY | F7: SMS | G7: EPC | H7: Jajpur | I7: Odisha | J7: India | N7: =IF(AND(L7<>"",K7<>""),L7-K7,"") | O7: =IF(AND(N7<>"",M7<>""),N7-M7,"") | P7: 24.06 | R7: INR | V7: MT | W7: SMS-3 structural and mechanical works | X7: 280 | AI7: YES
A8: 5 | B8: SSD Works — Pellet | C8: JSOL | D8: STEEL | E8: STRUCTURAL | F8: Pellet Plant | G8: ITEM_RATE | H8: Angul | I8: Odisha | J8: India | N8: =IF(AND(L8<>"",K8<>""),L8-K8,"") | O8: =IF(AND(N8<>"",M8<>""),N8-M8,"") | P8: 2.72 | R8: INR | V8: MT | W8: SSD structural works for pellet plant | X8: 80 | AI8: YES
A9: 6 | B9: Pellet Plant SSD Works | C9: JSOL | D9: STEEL | E9: STRUCTURAL | F9: Pellet Plant | G9: EPC | H9: Angul | I9: Odisha | J9: India | N9: =IF(AND(L9<>"",K9<>""),L9-K9,"") | O9: =IF(AND(N9<>"",M9<>""),N9-M9,"") | P9: 12.69 | R9: INR | V9: MT | W9: Pellet plant SSD works at JSOL Angul | X9: 180 | AI9: YES
A10: 7 | B10: Caster Works | C10: JSOL | D10: STEEL | E10: MECHANICAL | F10: Billet Caster | G10: EPC | H10: Angul | I10: Odisha | J10: India | N10: =IF(AND(L10<>"",K10<>""),L10-K10,"") | O10: =IF(AND(N10<>"",M10<>""),N10-M10,"") | P10: 58.92 | R10: INR | V10: MT | W10: Caster mechanical works at JSOL Angul | X10: 350 | AI10: YES
A11: 8 | B11: Pellet Plant Works | C11: MSPL | D11: STEEL | E11: EPC_TURNKEY | F11: Pellet Plant | G11: EPC | H11: Sandur | I11: Karnataka | J11: India | N11: =IF(AND(L11<>"",K11<>""),L11-K11,"") | O11: =IF(AND(N11<>"",M11<>""),N11-M11,"") | P11: 32.58 | R11: INR | U11: 600000 | V11: TPD | W11: Complete pellet plant works at MSPL Sandur | X11: 280 | AI11: YES
A12: 9 | B12: BOF Works | C12: JSOL | D12: STEEL | E12: STRUCTURAL | F12: BOF | G12: EPC | H12: Angul | I12: Odisha | J12: India | N12: =IF(AND(L12<>"",K12<>""),L12-K12,"") | O12: =IF(AND(N12<>"",M12<>""),N12-M12,"") | P12: 91.56 | R12: INR | U12: 34000 | V12: MT | W12: Fabrication and erection 34000 MT structural steel for BOF plant | X12: 450 | AI12: YES
A13: 10 | B13: Fabrication SSD | C13: JSPL | D13: STEEL | E13: STRUCTURAL | F13: SSD | G13: ITEM_RATE | H13: Angul | I13: Odisha | J13: India | N13: =IF(AND(L13<>"",K13<>""),L13-K13,"") | O13: =IF(AND(N13<>"",M13<>""),N13-M13,"") | P13: 3.54 | R13: INR | U13: 9400 | V13: MT | W13: Fabrication work at SSD 9400 MT | X13: 120 | AI13: YES
A14: 11 | B14: Erection Fabricated Structures | C14: TPL | D14: STEEL | E14: STRUCTURAL | F14: General | G14: ITEM_RATE | H14: Angul | I14: Odisha | J14: India | N14: =IF(AND(L14<>"",K14<>""),L14-K14,"") | O14: =IF(AND(N14<>"",M14<>""),N14-M14,"") | P14: 20.96 | R14: INR | U14: 18400 | V14: MT | W14: Erection of fabricated structures 18400 MT | X14: 200 | AI14: YES
A15: 12 | B15: Pellet Plant RHI Magnesita | C15: RHI Magnesita India | D15: CEMENT | E15: REFRACTORY | F15: Pellet Plant | G15: ITEM_RATE | H15: Chandrapur | I15: Maharashtra | J15: India | N15: =IF(AND(L15<>"",K15<>""),L15-K15,"") | O15: =IF(AND(N15<>"",M15<>""),N15-M15,"") | P15: 1.85 | R15: INR | U15: 2366 | V15: MT | W15: Refractory erection for pellet plant 2366 MT | X15: 90 | AI15: YES
A16: 13 | B16: Refractory Erection Coke Oven | C16: LMEL | D16: STEEL | E16: REFRACTORY | F16: Coke Oven | G16: EPC | H16: Ghugus | I16: Maharashtra | J16: India | N16: =IF(AND(L16<>"",K16<>""),L16-K16,"") | O16: =IF(AND(N16<>"",M16<>""),N16-M16,"") | P16: 10.94 | R16: INR | U16: 22100 | V16: MT | W16: Refractory erection coke oven 22100 MT | X16: 250 | AI16: YES
A17: 14 | B17: Mechanical Erection Coke Oven | C17: LMEL | D17: STEEL | E17: MECHANICAL | F17: Coke Oven + CDQ | G17: EPC | H17: Ghugus | I17: Maharashtra | J17: India | N17: =IF(AND(L17<>"",K17<>""),L17-K17,"") | O17: =IF(AND(N17<>"",M17<>""),N17-M17,"") | P17: 30.68 | R17: INR | U17: 12000 | V17: MT | W17: Mechanical erection coke oven and CDQ equipment 12000 MT | X17: 320 | AI17: YES
A18: 15 | N18: =IF(AND(L18<>"",K18<>""),L18-K18,"") | O18: =IF(AND(N18<>"",M18<>""),N18-M18,"")
A19: 16 | N19: =IF(AND(L19<>"",K19<>""),L19-K19,"") | O19: =IF(AND(N19<>"",M19<>""),N19-M19,"")
A20: 17 | N20: =IF(AND(L20<>"",K20<>""),L20-K20,"") | O20: =IF(AND(N20<>"",M20<>""),N20-M20,"")
A21: 18 | N21: =IF(AND(L21<>"",K21<>""),L21-K21,"") | O21: =IF(AND(N21<>"",M21<>""),N21-M21,"")
A22: 19 | N22: =IF(AND(L22<>"",K22<>""),L22-K22,"") | O22: =IF(AND(N22<>"",M22<>""),N22-M22,"")
A23: 20 | N23: =IF(AND(L23<>"",K23<>""),L23-K23,"") | O23: =IF(AND(N23<>"",M23<>""),N23-M23,"")
A24: 21 | N24: =IF(AND(L24<>"",K24<>""),L24-K24,"") | O24: =IF(AND(N24<>"",M24<>""),N24-M24,"")
A25: 22 | N25: =IF(AND(L25<>"",K25<>""),L25-K25,"") | O25: =IF(AND(N25<>"",M25<>""),N25-M25,"")
A26: 23 | N26: =IF(AND(L26<>"",K26<>""),L26-K26,"") | O26: =IF(AND(N26<>"",M26<>""),N26-M26,"")
A27: 24 | N27: =IF(AND(L27<>"",K27<>""),L27-K27,"") | O27: =IF(AND(N27<>"",M27<>""),N27-M27,"")
A28: 25 | N28: =IF(AND(L28<>"",K28<>""),L28-K28,"") | O28: =IF(AND(N28<>"",M28<>""),N28-M28,"")
A29: 26 | N29: =IF(AND(L29<>"",K29<>""),L29-K29,"") | O29: =IF(AND(N29<>"",M29<>""),N29-M29,"")
... A53: 50 | N53: =IF(AND(L53<>"",K53<>""),L53-K53,"") | O53: =IF(AND(N53<>"",M53<>""),N53-M53,"")

Sheet Workforce Data
A1: Workforce Breakdown by Worker Type — fill for each project
A2: Project # | B2: Project Name | C2: Riggers | D2: Fitters | E2: Welders — Rectifier | F2: Welders — SAW | G2: Welders — MIG | H2: Gas Cutters | I2: Grinders | J2: Fabricators | K2: Electricians | L2: Plumbers / Pipefitters | M2: Khalasis / Helpers | N2: Foremen | O2: Site Engineers | P2: Supervisors | Q2: HSE Officers | R2: Store / Admin | S2: Crane Operators | T2: Total Workers | U2: Total Supervisory | V2: Grand Total
A3: Auto | B3: Link to Project Data sheet | C3: Riggers | D3: Fitters | E3: 600A rectifier welders | F3: SAW welders | G3: MIG welders | H3: Gas cutters | I3: Angle grinders | J3: Structural fabricators | K3: E&I electricians | L3: Pipe fitters / plumbers | M3: General helpers | N3: Site foremen | O3: Graduate engineers | P3: Technical supervisors | Q3: HSE staff | R3: Store + admin staff | S3: Crane / Hydra operators | T3: Formula: sum of all worker-type columns | U3: Formula: Foremen + Engineers + Supervisors + HSE + Admin | V3: Formula: Total Workers + Total Supervisory
A4: 1 | B4: Refractory Erection | T4: =SUM(C4:S4) -> 0 | U4: =SUM(P4:S4) -> 0 | V4: =T4+U4 -> 0
A5: 2 | B5: Equipment Erection | T5: =SUM(C5:S5) -> 0 | U5: =SUM(P5:S5) -> 0 | V5: =T5+U5 -> 0
A6: 3 | B6: LCP Work | T6: =SUM(C6:S6) -> 0 | U6: =SUM(P6:S6) -> 0 | V6: =T6+U6 -> 0
A7: 4 | B7: SMS-3 Works | T7: =SUM(C7:S7) -> 0 | U7: =SUM(P7:S7) -> 0 | V7: =T7+U7 -> 0
A8: 5 | B8: SSD Works — Pellet | T8: =SUM(C8:S8) -> 0 | U8: =SUM(P8:S8) -> 0 | V8: =T8+U8 -> 0
A9: 6 | B9: Pellet Plant SSD Works | T9: =SUM(C9:S9) -> 0 | U9: =SUM(P9:S9) -> 0 | V9: =T9+U9 -> 0
A10: 7 | B10: Caster Works | T10: =SUM(C10:S10) -> 0 | U10: =SUM(P10:S10) -> 0 | V10: =T10+U10 -> 0
A11: 8 | B11: Pellet Plant Works | T11: =SUM(C11:S11) -> 0 | U11: =SUM(P11:S11) -> 0 | V11: =T11+U11 -> 0
A12: 9 | B12: BOF Works | T12: =SUM(C12:S12) -> 0 | U12: =SUM(P12:S12) -> 0 | V12: =T12+U12 -> 0
A13: 10 | B13: Fabrication SSD | T13: =SUM(C13:S13) -> 0 | U13: =SUM(P13:S13) -> 0 | V13: =T13+U13 -> 0
A14: 11 | B14: Erection Fabricated Structures | T14: =SUM(C14:S14) -> 0 | U14: =SUM(P14:S14) -> 0 | V14: =T14+U14 -> 0
A15: 12 | B15: Pellet Plant RHI Magnesita | T15: =SUM(C15:S15) -> 0 | U15: =SUM(P15:S15) -> 0 | V15: =T15+U15 -> 0
... A17: 14 | B17: Mechanical Erection Coke Oven | T17: =SUM(C17:S17) -> 0 | U17: =SUM(P17:S17) -> 0 | V17: =T17+U17 -> 0
A18: 15 | T18: =SUM(C18:S18) -> 0 | U18: =SUM(P18:S18) -> 0 | V18: =T18+U18 -> 0
A19: 16 | T19: =SUM(C19:S19) -> 0 | U19: =SUM(P19:S19) -> 0 | V19: =T19+U19 -> 0
A20: 17 | T20: =SUM(C20:S20) -> 0 | U20: =SUM(P20:S20) -> 0 | V20: =T20+U20 -> 0
A21: 18 | T21: =SUM(C21:S21) -> 0 | U21: =SUM(P21:S21) -> 0 | V21: =T21+U21 -> 0
A22: 19 | T22: =SUM(C22:S22) -> 0 | U22: =SUM(P22:S22) -> 0 | V22: =T22+U22 -> 0
A23: 20 | T23: =SUM(C23:S23) -> 0 | U23: =SUM(P23:S23) -> 0 | V23: =T23+U23 -> 0
A24: 21 | T24: =SUM(C24:S24) -> 0 | U24: =SUM(P24:S24) -> 0 | V24: =T24+U24 -> 0
A25: 22 | T25: =SUM(C25:S25) -> 0 | U25: =SUM(P25:S25) -> 0 | V25: =T25+U25 -> 0
A26: 23 | T26: =SUM(C26:S26) -> 0 | U26: =SUM(P26:S26) -> 0 | V26: =T26+U26 -> 0
A27: 24 | T27: =SUM(C27:S27) -> 0 | U27: =SUM(P27:S27) -> 0 | V27: =T27+U27 -> 0
A28: 25 | T28: =SUM(C28:S28) -> 0 | U28: =SUM(P28:S28) -> 0 | V28: =T28+U28 -> 0
A29: 26 | T29: =SUM(C29:S29) -> 0 | U29: =SUM(P29:S29) -> 0 | V29: =T29+U29 -> 0
... A53: 50 | T53: =SUM(C53:S53) -> 0 | U53: =SUM(P53:S53) -> 0 | V53: =T53+U53 -> 0

Sheet Equipment Data
A1: Equipment Deployment Data — fill quantity used on each project (enter 0 if not used)
A2: Project # | B2: Project Name | C2: 300T Crane | D2: 150T Crane | E2: 80T Crane | F2: 50T Crane | G2: F-15 Hydra (15T) | H2: Gantry 40T | I2: Gantry 25T | J2: Man Lifter 120ft | K2: Man Lifter 80ft | L2: Welding — Rectifier | M2: Welding — SAW 1200A | N2: Welding — MIG 1200A | O2: Forklift 3T | P2: Scaffolding Pipes | Q2: Scaffolding Clamps | R2: Total Equipment Units | S2: Major Equipment Note
A3: 1 | B3: Refractory Erection | R3: =SUM(C3:Q3) -> 0
A4: 2 | B4: Equipment Erection | R4: =SUM(C4:Q4) -> 0
A5: 3 | B5: LCP Work | R5: =SUM(C5:Q5) -> 0
A6: 4 | B6: SMS-3 Works | R6: =SUM(C6:Q6) -> 0
A7: 5 | B7: SSD Works — Pellet | R7: =SUM(C7:Q7) -> 0
A8: 6 | B8: Pellet Plant SSD Works | R8: =SUM(C8:Q8) -> 0
A9: 7 | B9: Caster Works | R9: =SUM(C9:Q9) -> 0
A10: 8 | B10: Pellet Plant Works | R10: =SUM(C10:Q10) -> 0
A11: 9 | B11: BOF Works | R11: =SUM(C11:Q11) -> 0
A12: 10 | B12: Fabrication SSD | R12: =SUM(C12:Q12) -> 0
A13: 11 | B13: Erection Fabricated Structures | R13: =SUM(C13:Q13) -> 0
A14: 12 | B14: Pellet Plant RHI Magnesita | R14: =SUM(C14:Q14) -> 0
... A16: 14 | B16: Mechanical Erection Coke Oven | R16: =SUM(C16:Q16) -> 0
A17: 15 | R17: =SUM(C17:Q17) -> 0
A18: 16 | R18: =SUM(C18:Q18) -> 0
A19: 17 | R19: =SUM(C19:Q19) -> 0
A20: 18 | R20: =SUM(C20:Q20) -> 0
A21: 19 | R21: =SUM(C21:Q21) -> 0
A22: 20 | R22: =SUM(C22:Q22) -> 0
A23: 21 | R23: =SUM(C23:Q23) -> 0
A24: 22 | R24: =SUM(C24:Q24) -> 0
A25: 23 | R25: =SUM(C25:Q25) -> 0
A26: 24 | R26: =SUM(C26:Q26) -> 0
A27: 25 | R27: =SUM(C27:Q27) -> 0
A28: 26 | R28: =SUM(C28:Q28) -> 0
... A52: 50 | R52: =SUM(C52:Q52) -> 0

Sheet Summary
B1: Data Collection Summary — auto-calculated
B2: This sheet updates automatically as you fill Project Data
B4: Total projects entered | C4: =COUNTA('Project Data'!B4:B53) -> 14
B5: Projects with full data | C5: =COUNTIFS('Project Data'!B4:B53,"<>",'Project Data'!P4:P53,"<>",'Project Data'!X4:X53,"<>",'Project Data'!AI4:AI53,"<>") -> 14
B6: Total contract value (₹ Cr) | C6: =SUM('Project Data'!P4:P53) -> 326.5
B7: Avg contract value (₹ Cr) | C7: =IFERROR(AVERAGE('Project Data'!P4:P53),0) -> 23.321429
B8: Largest contract (₹ Cr) | C8: =IFERROR(MAX('Project Data'!P4:P53),0) -> 91.56
B9: Smallest contract (₹ Cr) | C9: =IFERROR(MIN('Project Data'!P4:P53),0) -> 1.85
B10: Projects on time | C10: =COUNTIF('Project Data'!AI4:AI53,"YES") -> 14
B11: Projects delayed | C11: =COUNTIF('Project Data'!AI4:AI53,"NO") -> 0
B12: On-time rate % | C12: =IFERROR(C10/(C10+C11),0) -> 1
B14: AI Model Readiness
B15: < 10 projects | C15: Insufficient — more data needed
B16: 10–14 projects | C16: Minimum — predictions will have wide range
B17: 15–24 projects | C17: Good — 85–92% accuracy expected
B18: 25–34 projects | C18: Very good — 92–95% accuracy expected
B19: 35+ projects | C19: Excellent — 95%+ accuracy, deploy with confidence
